name,href,amt,stemmeberettigede,stemmeprocent,optalte_stemmer,counselor_count,year,corrected_name,normalized_name,post_merger_kommune
Herlev,k389163.htm,Københavns Amt,21081.0,84.55,17824.0,19,2001,Herlev,Herlev,Herlev
Ishøj,k389183.htm,Københavns Amt,15306.0,82.54,12634.0,17,2001,Ishøj,Ishøj,Ishøj
Høje-Taastrup,k389169.htm,Københavns Amt,34708.0,84.82,29442.0,21,2001,Høje-Tåstrup,Høje-Tåstrup,Høje-Tåstrup
Vallensbæk,k389187.htm,Københavns Amt,9448.0,89.3,8438.0,15,2001,Vallensbæk,Vallensbæk,Vallensbæk
Brøndby,k389153.htm,Københavns Amt,26317.0,82.33,21669.0,19,2001,Brøndby,Brøndby,Brøndby
Hvidovre,k389167.htm,Københavns Amt,38392.0,84.03,32263.0,21,2001,Hvidovre,Hvidovre,Hvidovre
Ledøje-Smørum,k389171.htm,Københavns Amt,7507.0,91.55,6873.0,15,2001,Ledøje-Smørum,Ledøje-Smørum,Egedal
Albertslund,k389165.htm,Københavns Amt,21424.0,84.98,18208.0,21,2001,Albertslund,Albertslund,Albertslund
Glostrup,k389161.htm,Københavns Amt,16288.0,85.77,13971.0,17,2001,Glostrup,Glostrup,Glostrup
Rødovre,k389175.htm,Københavns Amt,28792.0,84.5,24331.0,19,2001,Rødovre,Rødovre,Rødovre
Ballerup,k389151.htm,Københavns Amt,35672.0,87.31,31147.0,25,2001,Ballerup,Ballerup,Ballerup
Værløse,k389189.htm,Københavns Amt,13653.0,91.77,12530.0,15,2001,Værløse,Værløse,Furesø
Gladsaxe,k389159.htm,Københavns Amt,47701.0,85.36,40719.0,25,2001,Gladsaxe,Gladsaxe,Gladsaxe
Søllerød,k389181.htm,Københavns Amt,24283.0,89.74,21793.0,15,2001,Søllerød,Søllerød,Rudersdal
Lyngby-Taarbæk,k389173.htm,Københavns Amt,40534.0,86.0,34862.0,21,2001,Lyngby-Tårbæk,Lyngby-Tårbæk,Lyngby-Tårbæk
Gentofte,k389157.htm,Københavns Amt,52627.0,85.81,45161.0,17,2001,Gentofte,Gentofte,Gentofte
Frederiksberg Kommune (Udenfor amtsinddeling),k030147.htm,Københavns Amt,76670.0,82.57,63308.0,25,2001,Frederiksberg,Frederiksberg,Frederiksberg
Københavns Kommune (Udenfor amtsinddeling),k025101.htm,Københavns Amt,412673.0,75.87,313116.0,55,2001,København,København,København
Tårnby,k389185.htm,Københavns Amt,31168.0,85.13,26535.0,17,2001,Tårnby,Tårnby,Tårnby
Dragør,k389155.htm,Københavns Amt,9997.0,90.61,9059.0,15,2001,Dragør,Dragør,Dragør
Nexø,k429405.htm,Bornholms Amt,6686.0,85.68,5729.0,13,2001,Bornholm,Bornholm,Bornholm
Aakirkeby,k429409.htm,Bornholms Amt,5112.0,86.93,4444.0,17,2001,Bornholm,Bornholm,Bornholm
Allinge-Gudhjem,k429401.htm,Bornholms Amt,6013.0,85.21,5124.0,13,2001,Bornholm,Bornholm,Bornholm
Hasle,k429403.htm,Bornholms Amt,4915.0,87.3,4291.0,13,2001,Bornholm,Bornholm,Bornholm
Ølstykke,k400237.htm,Frederiksborg Amt,10708.0,90.27,9667.0,15,2001,Ølstykke,Ølstykke,Egedal
Slangerup,k400233.htm,Frederiksborg Amt,6457.0,89.25,5763.0,13,2001,Slangerup,Slangerup,Frederikssund
Frederikssund,k400209.htm,Frederiksborg Amt,13951.0,88.13,12296.0,15,2001,Frederikssund,Frederikssund,Frederikssund
Stenløse,k400235.htm,Frederiksborg Amt,9892.0,91.56,9058.0,15,2001,Stenløse,Stenløse,Egedal
Allerød,k400201.htm,Frederiksborg Amt,16898.0,91.78,15510.0,21,2001,Allerød,Allerød,Allerød
Farum,k400207.htm,Frederiksborg Amt,13797.0,88.23,12174.0,19,2001,Farum,Farum,Furesø
Birkerød,k400205.htm,Frederiksborg Amt,16265.0,88.18,14344.0,17,2001,Birkerød,Birkerød,Rudersdal
Hørsholm,k400223.htm,Frederiksborg Amt,18668.0,88.87,16592.0,15,2001,Hørsholm,Hørsholm,Hørsholm
Karlebo,k400227.htm,Frederiksborg Amt,14331.0,85.87,12307.0,17,2001,Karlebo,Karlebo,Fredensborg
Fredensborg-Humlebæk,k400208.htm,Frederiksborg Amt,14943.0,88.24,13187.0,19,2001,Fredensborg-Humlebæk,Fredensborg-Humlebæk,Fredensborg
Helsingør,k400217.htm,Frederiksborg Amt,46894.0,83.72,39262.0,25,2001,Helsingør,Helsingør,Helsingør
Græsted-Gilleleje,k400213.htm,Frederiksborg Amt,16010.0,87.43,13999.0,19,2001,Græsted-Gilleleje,Græsted-Gilleleje,Gribskov
Helsinge,k400215.htm,Frederiksborg Amt,14455.0,88.43,12783.0,17,2001,Helsinge,Helsinge,Gribskov
Hillerød,k400219.htm,Frederiksborg Amt,27979.0,87.71,24542.0,21,2001,Hillerød,Hillerød,Hillerød
Skævinge,k400231.htm,Frederiksborg Amt,4119.0,90.14,3713.0,11,2001,Skævinge,Skævinge,Hillerød
Frederiksværk,k400211.htm,Frederiksborg Amt,15897.0,83.44,13266.0,15,2001,Frederiksværk,Frederiksværk,Frederiksværk-Hundested
Hundested,k400221.htm,Frederiksborg Amt,7530.0,85.88,6467.0,11,2001,Hundested,Hundested,Frederiksværk-Hundested
Jægerspris,k400225.htm,Frederiksborg Amt,7287.0,88.14,6423.0,15,2001,Jægerspris,Jægerspris,Frederikssund
Skibby,k400229.htm,Frederiksborg Amt,5055.0,88.52,4475.0,13,2001,Skibby,Skibby,Frederikssund
Vallø,k401271.htm,Roskilde Amt,8021.0,90.67,7273.0,15,2001,Vallø,Vallø,Stevns
Køge,k401259.htm,Roskilde Amt,30204.0,86.74,26201.0,21,2001,Køge,Køge,Køge
Skovbo,k401267.htm,Roskilde Amt,10319.0,90.4,9329.0,17,2001,Skovbo,Skovbo,Køge
Solrød,k401269.htm,Roskilde Amt,15132.0,90.04,13626.0,15,2001,Solrød,Solrød,Solrød
Greve,k401253.htm,Roskilde Amt,36249.0,87.69,31787.0,21,2001,Greve,Greve,Greve
Ramsø,k401263.htm,Roskilde Amt,6779.0,92.37,6262.0,15,2001,Ramsø,Ramsø,Roskilde
Hvalsø,k401257.htm,Roskilde Amt,5602.0,90.94,5095.0,13,2001,Hvalsø,Hvalsø,Lejre
Lejre,k401261.htm,Roskilde Amt,6523.0,92.33,6023.0,15,2001,Lejre,Lejre,Lejre
Roskilde,k401265.htm,Roskilde Amt,41765.0,86.78,36245.0,25,2001,Roskilde,Roskilde,Roskilde
Gundsø,k401255.htm,Roskilde Amt,11283.0,92.05,10387.0,15,2001,Gundsø,Gundsø,Roskilde
Bramsnæs,k401251.htm,Roskilde Amt,7082.0,90.73,6426.0,15,2001,Bramsnæs,Bramsnæs,Lejre
Nykøbing F.,k421369.htm,Storstrøms Amt,20437.0,84.99,17370.0,21,2001,Nykøbing F,Nykøbing F,Guldborgsund
Langebæk,k421361.htm,Storstrøms Amt,4846.0,89.84,4354.0,15,2001,Langebæk,Langebæk,Vordingborg
Præstø,k421377.htm,Storstrøms Amt,5742.0,86.78,4983.0,15,2001,Præstø,Præstø,Vordingborg
Vordingborg,k421397.htm,Storstrøms Amt,15956.0,85.94,13714.0,19,2001,Vordingborg,Vordingborg,Vordingborg
Fladså,k421353.htm,Storstrøms Amt,5606.0,88.15,4942.0,15,2001,Fladså,Fladså,Næstved
Stevns,k421389.htm,Storstrøms Amt,8660.0,88.32,7649.0,17,2001,Stevns,Stevns,Stevns
Fakse,k421351.htm,Storstrøms Amt,9551.0,85.56,8172.0,17,2001,Fakse,Fakse,Faxe
Rønnede,k421385.htm,Storstrøms Amt,5279.0,89.86,4744.0,15,2001,Rønnede,Rønnede,Faxe
Holmegaard,k421357.htm,Storstrøms Amt,5251.0,90.03,4728.0,13,2001,Holmegaard,Holmegård,Næstved
Suså,k421393.htm,Storstrøms Amt,6164.0,88.46,5453.0,15,2001,Suså,Suså,Næstved
Næstved,k421373.htm,Storstrøms Amt,37313.0,84.36,31479.0,21,2001,Næstved,Næstved,Næstved
Møn,k421365.htm,Storstrøms Amt,9274.0,87.39,8105.0,17,2001,Møn,Møn,Vordingborg
Stubbekøbing,k421391.htm,Storstrøms Amt,5384.0,87.92,4734.0,11,2001,Stubbekøbing,Stubbekøbing,Guldborgsund
Nørre Alslev,k421375.htm,Storstrøms Amt,7458.0,86.8,6474.0,17,2001,Nørre Alslev,Nørre Alslev,Guldborgsund
Sakskøbing,k421387.htm,Storstrøms Amt,7408.0,85.01,6298.0,17,2001,Sakskøbing,Sakskøbing,Guldborgsund
Nysted,k421371.htm,Storstrøms Amt,4368.0,88.36,3860.0,15,2001,Nysted,Nysted,Guldborgsund
Holeby,k421355.htm,Storstrøms Amt,3289.0,88.41,2908.0,13,2001,Holeby,Holeby,Lolland
Maribo,k421363.htm,Storstrøms Amt,8851.0,86.05,7617.0,21,2001,Maribo,Maribo,Lolland
Højreby,k421359.htm,Storstrøms Amt,3252.0,86.53,2814.0,13,2001,Højreby,Højreby,Lolland
Rødby,k421383.htm,Storstrøms Amt,5309.0,85.32,4530.0,15,2001,Rødby,Rødby,Lolland
Rudbjerg,k421381.htm,Storstrøms Amt,2854.0,86.29,2463.0,13,2001,Rudbjerg,Rudbjerg,Lolland
Ravnsborg,k421379.htm,Storstrøms Amt,4563.0,84.98,3878.0,13,2001,Ravnsborg,Ravnsborg,Lolland
Nakskov,k421367.htm,Storstrøms Amt,12184.0,83.52,10177.0,19,2001,Nakskov,Nakskov,Lolland
Haslev,k405313.htm,Vestsjællands Amt,10940.0,87.11,9530.0,15,2001,Haslev,Haslev,Faxe
Fuglebjerg,k405307.htm,Vestsjællands Amt,4859.0,85.59,4159.0,15,2001,Fuglebjerg,Fuglebjerg,Næstved
Hashøj,k405311.htm,Vestsjællands Amt,4898.0,88.7,4345.0,15,2001,Hashøj,Hashøj,Slagelse
Skælskør,k405331.htm,Vestsjællands Amt,8996.0,86.4,7773.0,15,2001,Skælskør,Skælskør,Slagelse
Korsør,k405325.htm,Vestsjællands Amt,15997.0,84.79,13565.0,17,2001,Korsør,Korsør,Slagelse
Ringsted,k405329.htm,Vestsjællands Amt,22923.0,85.22,19535.0,21,2001,Ringsted,Ringsted,Ringsted
Sorø,k405335.htm,Vestsjællands Amt,11565.0,87.32,10099.0,17,2001,Sorø,Sorø,Sorø
Slagelse,k405333.htm,Vestsjællands Amt,28635.0,82.33,23577.0,21,2001,Slagelse,Slagelse,Slagelse
Gørlev,k405309.htm,Vestsjællands Amt,4932.0,87.24,4303.0,15,2001,Gørlev,Gørlev,Kalundborg
Høng,k405319.htm,Vestsjællands Amt,6232.0,87.11,5429.0,15,2001,Høng,Høng,Kalundborg
Dianalund,k405303.htm,Vestsjællands Amt,5509.0,83.98,4627.0,15,2001,Dianalund,Dianalund,Sorø
Tølløse,k405345.htm,Vestsjællands Amt,7057.0,88.45,6242.0,15,2001,Tølløse,Tølløse,Holbæk
Jernløse,k405321.htm,Vestsjællands Amt,4333.0,88.96,3855.0,13,2001,Jernløse,Jernløse,Holbæk
Tornved,k405341.htm,Vestsjællands Amt,6730.0,85.7,5768.0,15,2001,Tornved,Tornved,Holbæk
Hvidebæk,k405317.htm,Vestsjællands Amt,4073.0,87.77,3575.0,15,2001,Hvidebæk,Hvidebæk,Kalundborg
Kalundborg,k405323.htm,Vestsjællands Amt,15453.0,84.7,13090.0,19,2001,Kalundborg,Kalundborg,Kalundborg
Bjergsted,k405301.htm,Vestsjællands Amt,6085.0,84.3,5130.0,17,2001,Bjergsted,Bjergsted,Kalundborg
Holbæk,k405315.htm,Vestsjællands Amt,26383.0,84.63,22330.0,21,2001,Holbæk,Holbæk,Holbæk
Svinninge,k405339.htm,Vestsjællands Amt,4931.0,87.12,4296.0,13,2001,Svinninge,Svinninge,Holbæk
Dragsholm,k405305.htm,Vestsjællands Amt,10420.0,86.85,9050.0,21,2001,Dragsholm,Dragsholm,Odsherred
Trundholm,k405343.htm,Vestsjællands Amt,8897.0,84.98,7561.0,17,2001,Trundholm,Trundholm,Odsherred
Kerteminde,k435439.htm,Fyns Amt,8451.0,90.07,7612.0,17,2001,Kerteminde,Kerteminde,Kerteminde
Gudme,k435435.htm,Fyns Amt,4715.0,87.65,4133.0,15,2001,Gudme,Gudme,Svendborg
Svendborg,k435479.htm,Fyns Amt,33561.0,85.69,28760.0,21,2001,Svendborg,Svendborg,Svendborg
Egebjerg,k435427.htm,Fyns Amt,6673.0,89.16,5950.0,17,2001,Egebjerg,Egebjerg,Svendborg
Faaborg,k435431.htm,Fyns Amt,13490.0,87.24,11770.0,21,2001,Faaborg,Fåborg,Faaborg-Midtfyn
Ryslinge,k435477.htm,Fyns Amt,5318.0,86.83,4618.0,15,2001,Ryslinge,Ryslinge,Faaborg-Midtfyn
Ringe,k435473.htm,Fyns Amt,8514.0,87.66,7464.0,19,2001,Ringe,Ringe,Faaborg-Midtfyn
Nyborg,k435449.htm,Fyns Amt,14773.0,84.18,12436.0,17,2001,Nyborg,Nyborg,Nyborg
Årslev,k435497.htm,Fyns Amt,6676.0,90.26,6026.0,15,2001,Årslev,Årslev,Faaborg-Midtfyn
Haarby,k435437.htm,Fyns Amt,3813.0,87.25,3327.0,13,2001,Haarby,Hårby,Assens
Tommerup,k435485.htm,Fyns Amt,5772.0,88.35,5100.0,15,2001,Tommerup,Tommerup,Assens
Glamsbjerg,k435433.htm,Fyns Amt,4463.0,87.58,3909.0,13,2001,Glamsbjerg,Glamsbjerg,Assens
Assens,k435421.htm,Fyns Amt,8409.0,84.94,7143.0,15,2001,Assens,Assens,Assens
Odense,k435461.htm,Fyns Amt,144939.0,82.04,118914.0,29,2001,Odense,Odense,Odense
Munkebo,k435447.htm,Fyns Amt,4376.0,85.53,3743.0,13,2001,Munkebo,Munkebo,Kerteminde
Otterup,k435471.htm,Fyns Amt,8360.0,88.55,7403.0,17,2001,Otterup,Otterup,Bogense
Søndersø,k435483.htm,Fyns Amt,8425.0,89.27,7521.0,15,2001,Søndersø,Søndersø,Bogense
Vissenbjerg,k435491.htm,Fyns Amt,4622.0,88.66,4098.0,13,2001,Vissenbjerg,Vissenbjerg,Assens
Aarup,k435499.htm,Fyns Amt,4001.0,87.47,3500.0,15,2001,Aarup,Aarup,Assens
Bogense,k435423.htm,Fyns Amt,4931.0,87.0,4290.0,15,2001,Bogense,Bogense,Bogense
Ejby,k435429.htm,Fyns Amt,7555.0,87.59,6618.0,17,2001,Ejby,Ejby,Middelfart
Nørre Aaby,k435451.htm,Fyns Amt,4003.0,88.35,3537.0,15,2001,Nørre Aaby,Nørre Aaby,Middelfart
Middelfart,k435445.htm,Fyns Amt,15397.0,88.14,13572.0,19,2001,Middelfart,Middelfart,Middelfart
Ærøskøbing,k435493.htm,Fyns Amt,3170.0,84.25,2671.0,13,2001,Ærøskøbing,Ærøskøbing,Ærø
Marstal,k435443.htm,Fyns Amt,2664.0,85.13,2268.0,11,2001,Marstal,Marstal,Ærø
Tranekær,k435487.htm,Fyns Amt,2882.0,85.87,2475.0,11,2001,Tranekær,Tranekær,Langeland
Rudkøbing,k435475.htm,Fyns Amt,5371.0,84.77,4553.0,17,2001,Rudkøbing,Rudkøbing,Langeland
Sydlangeland,k435481.htm,Fyns Amt,3412.0,85.6,2921.0,13,2001,Sydlangeland,Sydlangeland,Langeland
Ry,k444737.htm,Århus Amt,7717.0,90.95,7019.0,15,2001,Ry,Ry,Skanderborg
Them,k444749.htm,Århus Amt,5030.0,86.64,4358.0,11,2001,Them,Them,Silkeborg
Silkeborg,k444743.htm,Århus Amt,40584.0,87.41,35475.0,21,2001,Silkeborg,Silkeborg,Silkeborg
Gjern,k444705.htm,Århus Amt,5748.0,88.69,5098.0,15,2001,Gjern,Gjern,Silkeborg
Hammel,k444711.htm,Århus Amt,7962.0,90.06,7171.0,15,2001,Hammel,Hammel,Favrskov
Langå,k444717.htm,Århus Amt,6123.0,89.56,5484.0,17,2001,Langå,Langå,Randers
Purhus,k444729.htm,Århus Amt,6337.0,89.08,5645.0,15,2001,Purhus,Purhus,Randers
Mariager,k444719.htm,Århus Amt,6325.0,85.64,5417.0,15,2001,Mariager,Mariager,Mariagerfjord
Randers,k444731.htm,Århus Amt,49469.0,83.18,41150.0,25,2001,Randers,Randers,Randers
Hadsten,k444709.htm,Århus Amt,8466.0,88.56,7498.0,17,2001,Hadsten,Hadsten,Favrskov
Hinnerup,k444713.htm,Århus Amt,8231.0,92.38,7604.0,17,2001,Hinnerup,Hinnerup,Favrskov
Galten,k444703.htm,Århus Amt,7736.0,91.42,7073.0,15,2001,Galten,Galten,Skanderborg
Skanderborg,k444745.htm,Århus Amt,15983.0,87.06,13916.0,19,2001,Skanderborg,Skanderborg,Skanderborg
Hørning,k444715.htm,Århus Amt,6155.0,90.72,5584.0,13,2001,Hørning,Hørning,Skanderborg
Odder,k444727.htm,Århus Amt,15435.0,88.17,13610.0,19,2001,Odder,Odder,Odder
Nørhald,k444723.htm,Århus Amt,6450.0,88.54,5711.0,15,2001,Nørhald,Nørhald,Randers
Sønderhald,k444747.htm,Århus Amt,6224.0,88.88,5532.0,15,2001,Sønderhald,Sønderhald,Norddjurs
Rosenholm,k444733.htm,Århus Amt,7563.0,87.71,6634.0,15,2001,Rosenholm,Rosenholm,Syddjurs
Nørre Djurs,k444725.htm,Århus Amt,5883.0,85.58,5035.0,15,2001,Nørre Djurs,Nørre Djurs,Norddjurs
Grenaa,k444707.htm,Århus Amt,14624.0,84.13,12304.0,19,2001,Grenaa,Grenå,Norddjurs
Midtdjurs,k444721.htm,Århus Amt,5800.0,87.29,5063.0,15,2001,Midtdjurs,Midtdjurs,Syddjurs
Rønde,k444739.htm,Århus Amt,5075.0,89.24,4529.0,13,2001,Rønde,Rønde,Syddjurs
Ebeltoft,k444701.htm,Århus Amt,11579.0,85.37,9886.0,19,2001,Ebeltoft,Ebeltoft,Syddjurs
Samsø,k444741.htm,Århus Amt,3386.0,86.2,2919.0,13,2001,Samsø,Samsø,Samsø
Århus,k444751.htm,Århus Amt,226719.0,85.13,193012.0,31,2001,Århus,Århus,Århus
Fredericia,k442607.htm,Vejle Amt,37496.0,84.35,31631.0,21,2001,Fredericia,Fredericia,Fredericia
Kolding,k442621.htm,Vejle Amt,48390.0,84.39,40837.0,25,2001,Kolding,Kolding,Kolding
Juelsminde,k442619.htm,Vejle Amt,11659.0,89.41,10425.0,19,2001,Juelsminde,Juelsminde,Hedensted
Hedensted,k442613.htm,Vejle Amt,11943.0,89.29,10665.0,19,2001,Hedensted,Hedensted,Hedensted
Børkop,k442603.htm,Vejle Amt,8249.0,86.72,7154.0,15,2001,Børkop,Børkop,Vejle
Vejle,k442631.htm,Vejle Amt,43035.0,85.34,36729.0,25,2001,Vejle,Vejle,Vejle
Tørring-Uldum,k442627.htm,Vejle Amt,9087.0,89.03,8091.0,19,2001,Tørring-Uldum,Tørring-Uldum,Hedensted
Vamdrup,k442629.htm,Vejle Amt,5315.0,87.18,4634.0,15,2001,Vamdrup,Vamdrup,Kolding
Egtved,k442605.htm,Vejle Amt,11164.0,88.74,9907.0,19,2001,Egtved,Egtved,Vejle
Horsens,k442615.htm,Vejle Amt,44537.0,85.32,38001.0,25,2001,Horsens,Horsens,Horsens
Gedved,k442609.htm,Vejle Amt,7345.0,89.44,6570.0,15,2001,Gedved,Gedved,Horsens
Brædstrup,k442601.htm,Vejle Amt,6440.0,87.67,5646.0,15,2001,Brædstrup,Brædstrup,Horsens
Give,k442611.htm,Vejle Amt,10416.0,87.11,9074.0,17,2001,Give,Give,Vejle
Nørre-Snede,k442625.htm,Vejle Amt,5451.0,85.7,4672.0,17,2001,Nørre-Snede,Nørre-Snede,Ikast-Brande
Norborg,k436523.htm,Sønderjyllands Amt,10877.0,87.69,9539.0,17,2001,Nordborg,Nordborg,Sønderborg
Augustenborg,k436501.htm,Sønderjyllands Amt,4850.0,89.75,4353.0,13,2001,Augustenborg,Augustenborg,Sønderborg
Sydals,k436535.htm,Sønderjyllands Amt,4894.0,88.53,4333.0,13,2001,Sydals,Sydals,Sønderborg
Sønderborg,k436537.htm,Sønderjyllands Amt,23644.0,83.45,19731.0,21,2001,Sønderborg,Sønderborg,Sønderborg
Sundeved,k436533.htm,Sønderjyllands Amt,3785.0,88.95,3367.0,13,2001,Sundeved,Sundeved,Sønderborg
Broager,k436507.htm,Sønderjyllands Amt,4655.0,88.54,4122.0,11,2001,Broager,Broager,Sønderborg
Gråsten,k436513.htm,Sønderjyllands Amt,5507.0,86.07,4740.0,13,2001,Gråsten,Gråsten,Sønderborg
Aabenraa,k436545.htm,Sønderjyllands Amt,17244.0,85.43,14732.0,21,2001,Aabenraa,Aabenrå,Aabenraa
Lundtoft,k436519.htm,Sønderjyllands Amt,4546.0,85.92,3906.0,13,2001,Lundtoft,Lundtoft,Aabenraa
Bov,k436503.htm,Sønderjyllands Amt,7846.0,82.09,6441.0,17,2001,Bov,Bov,Aabenraa
Rødekro,k436529.htm,Sønderjyllands Amt,8365.0,88.73,7423.0,17,2001,Rødekro,Rødekro,Aabenraa
Tinglev,k436539.htm,Sønderjyllands Amt,7576.0,84.14,6375.0,17,2001,Tinglev,Tinglev,Aabenraa
Haderslev,k436515.htm,Sønderjyllands Amt,24500.0,85.6,20973.0,21,2001,Haderslev,Haderslev,Haderslev
Christiansfeld,k436509.htm,Sønderjyllands Amt,7092.0,87.09,6177.0,17,2001,Christiansfeld,Christiansfeld,Kolding
Vojens,k436543.htm,Sønderjyllands Amt,12663.0,88.63,11224.0,21,2001,Vojens,Vojens,Haderslev
Nørre-Rangstrup,k436525.htm,Sønderjyllands Amt,7157.0,87.15,6238.0,17,2001,Nørre-Rangstrup,Nørre-Rangstrup,Tønder
Løgumkloster,k436521.htm,Sønderjyllands Amt,5212.0,85.39,4451.0,15,2001,Løgumkloster,Løgumkloster,Tønder
Gram,k436511.htm,Sønderjyllands Amt,3759.0,86.08,3236.0,13,2001,Gram,Gram,Haderslev
Rødding,k436527.htm,Sønderjyllands Amt,8169.0,87.64,7160.0,19,2001,Rødding,Rødding,Vejen
Tønder,k436541.htm,Sønderjyllands Amt,9713.0,84.52,8210.0,21,2001,Tønder,Tønder,Tønder
Højer,k436517.htm,Sønderjyllands Amt,2309.0,86.48,1997.0,13,2001,Højer,Højer,Tønder
Skærbæk,k436531.htm,Sønderjyllands Amt,5621.0,83.57,4698.0,17,2001,Skærbæk,Skærbæk,Tønder
Ribe,k441571.htm,Ribe Amt,13624.0,86.96,11848.0,21,2001,Ribe,Ribe,Esbjerg
Bramming,k441557.htm,Ribe Amt,9890.0,86.99,8604.0,17,2001,Bramming,Bramming,Esbjerg
Esbjerg,k441561.htm,Ribe Amt,63605.0,83.88,53353.0,25,2001,Esbjerg,Esbjerg,Esbjerg
Vejen,k441575.htm,Ribe Amt,12493.0,86.73,10836.0,21,2001,Vejen,Vejen,Vejen
Brørup,k441559.htm,Ribe Amt,4845.0,86.19,4176.0,13,2001,Brørup,Brørup,Vejen
Holsted,k441569.htm,Ribe Amt,5181.0,87.68,4543.0,15,2001,Holsted,Holsted,Vejen
Helle,k441567.htm,Ribe Amt,6050.0,88.87,5377.0,15,2001,Helle,Helle,Varde
Billund,k441551.htm,Ribe Amt,6381.0,87.76,5600.0,13,2001,Billund,Billund,Billund
Varde,k441573.htm,Ribe Amt,15363.0,86.89,13350.0,17,2001,Varde,Varde,Varde
Grindsted,k441565.htm,Ribe Amt,13079.0,85.85,11229.0,19,2001,Grindsted,Grindsted,Billund
Ølgod,k441577.htm,Ribe Amt,8346.0,87.58,7310.0,17,2001,Ølgod,Ølgod,Varde
Blaabjerg,k441553.htm,Ribe Amt,4767.0,87.45,4169.0,11,2001,Blaabjerg,Blåbjerg,Varde
Blåvandshuk,k441555.htm,Ribe Amt,3181.0,89.09,2834.0,13,2001,Blåvandshuk,Blåvandshuk,Varde
Thyholm,k443675.htm,Ringkøbing Amt,2766.0,88.39,2445.0,11,2001,Thyholm,Thyholm,Struer
Vinderup,k443683.htm,Ringkøbing Amt,6083.0,87.73,5337.0,17,2001,Vinderup,Vinderup,Holstebro
Holstebro,k443661.htm,Ringkøbing Amt,31155.0,87.53,27271.0,21,2001,Holstebro,Holstebro,Holstebro
Struer,k443671.htm,Ringkøbing Amt,14653.0,87.31,12794.0,19,2001,Struer,Struer,Struer
Ikast,k443663.htm,Ringkøbing Amt,17174.0,87.78,15076.0,17,2001,Ikast,Ikast,Ikast-Brande
Herning,k443657.htm,Ringkøbing Amt,45184.0,87.07,39346.0,21,2001,Herning,Herning,Herning
Brande,k443653.htm,Ringkøbing Amt,6620.0,85.78,5679.0,15,2001,Brande,Brande,Ikast-Brande
Aaskov,k443685.htm,Ringkøbing Amt,5087.0,87.85,4469.0,13,2001,Aaskov,Aaskov,Herning
Trehøje,k443677.htm,Ringkøbing Amt,6986.0,90.3,6309.0,17,2001,Trehøje,Trehøje,Herning
Videbæk,k443681.htm,Ringkøbing Amt,8885.0,89.26,7931.0,19,2001,Videbæk,Videbæk,Ringkøbing-Skjern
Skjern,k443669.htm,Ringkøbing Amt,9782.0,87.74,8583.0,21,2001,Skjern,Skjern,Ringkøbing-Skjern
Egvad,k443655.htm,Ringkøbing Amt,7137.0,87.47,6243.0,17,2001,Egvad,Egvad,Ringkøbing-Skjern
Ringkøbing,k443667.htm,Ringkøbing Amt,13181.0,87.63,11551.0,19,2001,Ringkøbing,Ringkøbing,Ringkøbing-Skjern
Ulfborg-Vemb,k443679.htm,Ringkøbing Amt,5335.0,86.33,4606.0,15,2001,Ulfborg-Vemb,Ulfborg-Vemb,Holstebro
Lemvig,k443665.htm,Ringkøbing Amt,14004.0,86.97,12180.0,21,2001,Lemvig,Lemvig,Lemvig
Kjellerup,k464771.htm,Viborg Amt,10391.0,88.14,9159.0,17,2001,Kjellerup,Kjellerup,Silkeborg
Karup,k464769.htm,Viborg Amt,5104.0,88.77,4531.0,15,2001,Karup,Karup,Viborg
Fjends,k464763.htm,Viborg Amt,5939.0,88.33,5246.0,15,2001,Fjends,Fjends,Viborg
Viborg,k464791.htm,Viborg Amt,33282.0,85.91,28595.0,21,2001,Viborg,Viborg,Viborg
Hvorslev,k464767.htm,Viborg Amt,5071.0,86.68,4396.0,15,2001,Hvorslev,Hvorslev,Favrskov
Bjerringbro,k464761.htm,Viborg Amt,10369.0,87.3,9053.0,19,2001,Bjerringbro,Bjerringbro,Viborg
Tjele,k464789.htm,Viborg Amt,6154.0,89.71,5521.0,15,2001,Tjele,Tjele,Viborg
Møldrup,k464775.htm,Viborg Amt,5690.0,90.07,5125.0,15,2001,Møldrup,Møldrup,Viborg
Aalestrup,k464793.htm,Viborg Amt,5707.0,84.89,4845.0,15,2001,Aalestrup,Aalestrup,Vesthimmerland
Skive,k464779.htm,Viborg Amt,21660.0,85.76,18576.0,21,2001,Skive,Skive,Skive
Spøttrup,k464781.htm,Viborg Amt,5808.0,89.04,5172.0,15,2001,Spøttrup,Spøttrup,Skive
Sundsøre,k464783.htm,Viborg Amt,4957.0,88.54,4389.0,15,2001,Sundsøre,Sundsøre,Skive
Sallingsund,k464777.htm,Viborg Amt,4685.0,87.44,4097.0,13,2001,Sallingsund,Sallingsund,Skive
Morsø,k464773.htm,Viborg Amt,17516.0,86.03,15070.0,21,2001,Morsø,Morsø,Morsø
Sydthy,k464785.htm,Viborg Amt,8719.0,85.26,7434.0,19,2001,Sydthy,Sydthy,Thisted
Thisted,k464787.htm,Viborg Amt,22211.0,86.34,19178.0,21,2001,Thisted,Thisted,Thisted
Hanstholm,k464765.htm,Viborg Amt,4444.0,83.39,3706.0,13,2001,Hanstholm,Hanstholm,Thisted
Aars,k475861.htm,Nordjyllands Amt,9931.0,85.68,8509.0,19,2001,Aars,Aars,Vesthimmerland
Farsø,k475809.htm,Nordjyllands Amt,6140.0,86.43,5307.0,15,2001,Farsø,Farsø,Vesthimmerland
Fjerritslev,k475811.htm,Nordjyllands Amt,6357.0,84.45,5369.0,17,2001,Fjerritslev,Fjerritslev,Jammerbugt
Nørager,k475833.htm,Nordjyllands Amt,4095.0,86.27,3533.0,13,2001,Nørager,Nørager,Rebild
Brovst,k475803.htm,Nordjyllands Amt,6400.0,85.09,5446.0,17,2001,Brovst,Brovst,Jammerbugt
Hobro,k475823.htm,Nordjyllands Amt,11640.0,85.52,9955.0,15,2001,Hobro,Hobro,Mariagerfjord
Arden,k475801.htm,Nordjyllands Amt,6214.0,87.17,5417.0,15,2001,Arden,Arden,Mariagerfjord
Hadsund,k475815.htm,Nordjyllands Amt,8342.0,85.59,7140.0,17,2001,Hadsund,Hadsund,Mariagerfjord
Støvring,k475845.htm,Nordjyllands Amt,9336.0,87.79,8197.0,19,2001,Støvring,Støvring,Rebild
Nibe,k475831.htm,Nordjyllands Amt,6072.0,88.12,5351.0,17,2001,Nibe,Nibe,Aalborg
Skørping,k475843.htm,Nordjyllands Amt,7357.0,88.26,6494.0,17,2001,Skørping,Skørping,Rebild
Pandrup,k475835.htm,Nordjyllands Amt,8247.0,85.17,7024.0,17,2001,Pandrup,Pandrup,Jammerbugt
Løkken-Vrå,k475829.htm,Nordjyllands Amt,6815.0,85.54,5830.0,17,2001,Løkken-Vrå,Løkken-Vrå,Hjørring
Aabybro,k475849.htm,Nordjyllands Amt,8463.0,88.94,7527.0,17,2001,Aabybro,Aabybro,Jammerbugt
Hjørring,k475821.htm,Nordjyllands Amt,27331.0,84.08,22982.0,21,2001,Hjørring,Hjørring,Hjørring
Hirtshals,k475819.htm,Nordjyllands Amt,10947.0,82.31,9011.0,19,2001,Hirtshals,Hirtshals,Hjørring
Skagen,k475841.htm,Nordjyllands Amt,9826.0,81.98,8056.0,17,2001,Skagen,Skagen,Frederikshavn
Frederikshavn,k475813.htm,Nordjyllands Amt,26835.0,83.52,22415.0,21,2001,Frederikshavn,Frederikshavn,Frederikshavn
Sindal,k475839.htm,Nordjyllands Amt,6979.0,85.62,5976.0,17,2001,Sindal,Sindal,Hjørring
Brønderslev,k475805.htm,Nordjyllands Amt,15411.0,86.18,13282.0,21,2001,Brønderslev,Brønderslev,Brønderslev-Dronninglund
Sæby,k475847.htm,Nordjyllands Amt,13820.0,84.18,11635.0,21,2001,Sæby,Sæby,Frederikshavn
Dronninglund,k475807.htm,Nordjyllands Amt,11523.0,87.49,10082.0,21,2001,Dronninglund,Dronninglund,Brønderslev-Dronninglund
Hals,k475817.htm,Nordjyllands Amt,8555.0,88.06,7534.0,17,2001,Hals,Hals,Aalborg
Sejlflod,k475837.htm,Nordjyllands Amt,6943.0,87.08,6046.0,17,2001,Sejlflod,Sejlflod,Aalborg
Aalborg,k475851.htm,Nordjyllands Amt,129183.0,83.0,107230.0,31,2001,Aalborg,Aalborg,Aalborg
Rønne,,Bornholms Amt,,,,21,2001,Bornholm,Bornholm,Bornholm
Bredebro,,Sønderjyllands Amt,,,,13,2001,Bredebro,Bredebro,Tønder
Rougsø,,Århus Amt,,,,15,2001,Rougsø,Rougsø,Norddjurs
Stenlille,,Vestsjællands Amt,,,,13,2001,Stenlille,Stenlille,Sorø
Ullerslev,,Fyns Amt,,,,13,2001,Ullerslev,Ullerslev,Nyborg
Løgstør,,Nordjyllands Amt,,,,19,2001,Løgstør,Løgstør,Vesthimmerland
Thyborøn-Harboøre,,Ringkøbing Amt,,,,13,2001,Thyborøn-Harboøre,Thyborøn-Harboøre,Lemvig
Sydfalster,,Storstrøms Amt,,,,15,2001,Sydfalster,Sydfalster,Guldborgsund
Jelling,,Vejle Amt,,,,13,2001,Jelling,Jelling,Vejle
Langeskov,,Fyns Amt,,,,13,2001,Langeskov,Langeskov,Kerteminde
Nykøbing-Rørvig,,Vestsjællands Amt,,,,15,2001,Nykøbing-Rørvig,Nykøbing-Rørvig,Odsherred
Ørbæk,,Fyns Amt,,,,15,2001,Ørbæk,Ørbæk,Nyborg
Holmsland,,Ringkøbing Amt,,,,11,2001,Holmsland,Holmsland,Ringkøbing-Skjern
Broby,,Fyns Amt,,,,15,2001,Broby,Broby,Faaborg-Midtfyn
Aulum-Haderup,,Ringkøbing Amt,,,,15,2001,Aulum-Haderup,Aulum-Haderup,Herning
Lunderskov,,Vejle Amt,,,,13,2001,Lunderskov,Lunderskov,Kolding
Læsø,,Nordjyllands Amt,,,,9,2001,Læsø,Læsø,Læsø
Fanø,,Ribe Amt,,,,11,2001,Fanø,Fanø,Fanø
